{
    "tempo": {
        "medium tempo": {
            "cav_accuracy": 0.6333333333333333,
            "genre_scores": {
                "blues": 0.0,
                "classical": 0.53,
                "country": 0.0,
                "disco": 0.0,
                "hiphop": 0.0,
                "jazz": 0.010101010101010102,
                "metal": 0.0,
                "pop": 0.0,
                "reggae": 0.0,
                "rock": 0.0
            }
        },
        "slow tempo": {
            "cav_accuracy": 0.7024691358024692,
            "genre_scores": {
                "blues": 0.27,
                "classical": 1.0,
                "country": 0.27,
                "disco": 0.01,
                "hiphop": 0.0,
                "jazz": 0.8686868686868687,
                "metal": 0.0,
                "pop": 0.03,
                "reggae": 0.04,
                "rock": 0.05
            }
        },
        "fast tempo": {
            "cav_accuracy": 0.6333333333333333,
            "genre_scores": {
                "blues": 0.04,
                "classical": 0.0,
                "country": 0.2,
                "disco": 0.87,
                "hiphop": 0.89,
                "jazz": 0.020202020202020204,
                "metal": 0.89,
                "pop": 0.84,
                "reggae": 0.59,
                "rock": 0.63
            }
        },
        "groovy": {
            "cav_accuracy": 0.6599999999999999,
            "genre_scores": {
                "blues": 0.14,
                "classical": 0.0,
                "country": 0.17,
                "disco": 0.81,
                "hiphop": 0.98,
                "jazz": 0.04040404040404041,
                "metal": 0.33,
                "pop": 0.81,
                "reggae": 0.87,
                "rock": 0.35
            }
        },
        "uptempo": {
            "cav_accuracy": 0.6611111111111111,
            "genre_scores": {
                "blues": 0.02,
                "classical": 0.0,
                "country": 0.0,
                "disco": 0.66,
                "hiphop": 0.98,
                "jazz": 0.0,
                "metal": 0.06,
                "pop": 0.65,
                "reggae": 0.8,
                "rock": 0.1
            }
        },
        "moderate tempo": {
            "cav_accuracy": 0.65,
            "genre_scores": {
                "blues": 0.31,
                "classical": 0.06,
                "country": 0.03,
                "disco": 0.83,
                "hiphop": 0.97,
                "jazz": 0.050505050505050504,
                "metal": 0.04,
                "pop": 0.83,
                "reggae": 0.97,
                "rock": 0.19
            }
        },
        "upbeat": {
            "cav_accuracy": 0.6742424242424241,
            "genre_scores": {
                "blues": 0.14,
                "classical": 0.0,
                "country": 0.05,
                "disco": 0.95,
                "hiphop": 0.94,
                "jazz": 0.050505050505050504,
                "metal": 0.11,
                "pop": 0.91,
                "reggae": 0.78,
                "rock": 0.26
            }
        },
        "medium to uptempo": {
            "cav_accuracy": 0.7,
            "genre_scores": {
                "blues": 0.32,
                "classical": 0.0,
                "country": 0.28,
                "disco": 0.99,
                "hiphop": 0.99,
                "jazz": 0.050505050505050504,
                "metal": 0.91,
                "pop": 0.95,
                "reggae": 0.88,
                "rock": 0.7
            }
        },
        "medium fast tempo": {
            "cav_accuracy": 0.6555555555555554,
            "genre_scores": {
                "blues": 0.23,
                "classical": 0.0,
                "country": 0.12,
                "disco": 0.45,
                "hiphop": 0.86,
                "jazz": 0.010101010101010102,
                "metal": 0.02,
                "pop": 0.36,
                "reggae": 0.96,
                "rock": 0.16
            }
        },
        "groovy rhythm": {
            "cav_accuracy": 0.6472222222222223,
            "genre_scores": {
                "blues": 0.94,
                "classical": 0.0,
                "country": 0.88,
                "disco": 0.93,
                "hiphop": 1.0,
                "jazz": 0.5151515151515151,
                "metal": 0.59,
                "pop": 0.9,
                "reggae": 0.98,
                "rock": 0.74
            }
        }
    },
    "instrument": {
        "acoustic drums": {
            "cav_accuracy": 0.7333333333333333,
            "genre_scores": {
                "blues": 0.0,
                "classical": 0.0,
                "country": 0.0,
                "disco": 0.0,
                "hiphop": 0.0,
                "jazz": 0.010101010101010102,
                "metal": 0.0,
                "pop": 0.0,
                "reggae": 0.0,
                "rock": 0.0
            }
        },
        "electric guitar": {
            "cav_accuracy": 0.6444444444444444,
            "genre_scores": {
                "blues": 0.0,
                "classical": 0.0,
                "country": 0.0,
                "disco": 0.0,
                "hiphop": 0.0,
                "jazz": 0.0,
                "metal": 0.0,
                "pop": 0.0,
                "reggae": 0.0,
                "rock": 0.0
            }
        },
        "bass guitar": {
            "cav_accuracy": 0.7,
            "genre_scores": {
                "blues": 0.37,
                "classical": 0.01,
                "country": 0.76,
                "disco": 0.43,
                "hiphop": 0.15,
                "jazz": 0.37373737373737376,
                "metal": 0.03,
                "pop": 0.76,
                "reggae": 0.41,
                "rock": 0.34
            }
        },
        "acoustic guitar": {
            "cav_accuracy": 0.6388888888888888,
            "genre_scores": {
                "blues": 0.16,
                "classical": 0.68,
                "country": 0.6,
                "disco": 0.0,
                "hiphop": 0.0,
                "jazz": 0.6666666666666666,
                "metal": 0.0,
                "pop": 0.0,
                "reggae": 0.0,
                "rock": 0.17
            }
        },
        "piano": {
            "cav_accuracy": 0.6777777777777777,
            "genre_scores": {
                "blues": 0.0,
                "classical": 0.84,
                "country": 0.0,
                "disco": 0.01,
                "hiphop": 0.02,
                "jazz": 0.04040404040404041,
                "metal": 0.0,
                "pop": 0.0,
                "reggae": 0.15,
                "rock": 0.0
            }
        },
        "punchy kick": {
            "cav_accuracy": 0.66875,
            "genre_scores": {
                "blues": 0.11,
                "classical": 0.0,
                "country": 0.04,
                "disco": 0.82,
                "hiphop": 0.99,
                "jazz": 0.010101010101010102,
                "metal": 0.46,
                "pop": 0.8,
                "reggae": 0.93,
                "rock": 0.23
            }
        },
        "punchy snare": {
            "cav_accuracy": 0.6596491228070174,
            "genre_scores": {
                "blues": 0.48,
                "classical": 0.0,
                "country": 0.54,
                "disco": 0.99,
                "hiphop": 1.0,
                "jazz": 0.0707070707070707,
                "metal": 1.0,
                "pop": 0.95,
                "reggae": 0.96,
                "rock": 0.85
            }
        },
        "groovy bass": {
            "cav_accuracy": 0.6624999999999999,
            "genre_scores": {
                "blues": 0.78,
                "classical": 0.0,
                "country": 0.7,
                "disco": 0.99,
                "hiphop": 1.0,
                "jazz": 0.35353535353535354,
                "metal": 0.89,