{"train_loss":0.7604384931207401,"train/learning_rate":1.2048192771084338e-06,"eval/runtime":2.8369,"total_flos":3.448124962448179e+16,"train/mean_token_accuracy":0.8754093945026398,"_timestamp":1.7620282937965405e+09,"_step":174,"eval/steps_per_second":2.467,"eval/num_tokens":693726,"trainer/global_step":57,"eval/entropy":0.6445214833532061,"train/num_tokens":693726,"train/epoch":3,"eval/samples_per_second":17.625,"train/grad_norm":1.1629984378814697,"trainer/epoch":1,"train_steps_per_second":0.347,"train/entropy":0.5459873378276825,"eval/mean_token_accuracy":0.8162909575871059,"train_runtime":492.2035,"train/loss":0.4909,"train/global_step":171,"eval/loss":0.8283459544181824,"train_samples_per_second":5.54,"_runtime":487,"_wandb":{"runtime":487}}