{"train_samples_per_second":5.87,"train/mean_token_accuracy":0.8754093945026398,"_step":174,"eval/steps_per_second":2.81,"train_steps_per_second":0.368,"train/epoch":3,"train/learning_rate":1.2048192771084338e-06,"train/entropy":0.5459873378276825,"eval/samples_per_second":20.074,"train/global_step":171,"_timestamp":1.762008780855139e+09,"train/grad_norm":1.1629984378814697,"trainer/global_step":57,"train_runtime":464.546,"eval/num_tokens":693726,"_runtime":459,"eval/loss":0.8283459544181824,"eval/mean_token_accuracy":0.8162909575871059,"train/num_tokens":693726,"trainer/epoch":1,"_wandb":{"runtime":459},"eval/runtime":2.4908,"total_flos":3.448124962448179e+16,"train_loss":0.7604384931207401,"eval/entropy":0.6445214833532061,"train/loss":0.4909}